﻿<?xml version="1.0" encoding="utf-8"?>
<SiPolicy xmlns="urn:schemas-microsoft-com:sipolicy">
  <VersionEx>10.0.0.0</VersionEx>
  <PolicyTypeID>{A244370E-44C9-4C06-B551-F6016E563076}</PolicyTypeID>
  <PlatformID>{2E07F7E4-194C-4D20-B7C9-6F44A6C5A234}</PlatformID>
  <Rules>
    <Rule>
      <Option>Enabled:Unsigned System Integrity Policy</Option>
    </Rule>
    <Rule>
      <Option>Enabled:Advanced Boot Options Menu</Option>
    </Rule>
    <Rule>
      <Option>Enabled:UMCI</Option>
    </Rule>
  </Rules>
  <!--EKUS-->
  <EKUs>
    <EKU ID="ID_EKU_E_1" Value="010A2B0601040182370A0305" FriendlyName="Windows Hardware Driver Verification" />
  </EKUs>
  <!--Signers-->
  <Signers>
    <Signer ID="ID_SIGNER_S_E78" Name="Microsoft Windows Production PCA 2011">
      <CertRoot Type="TBS" Value="4E80BE107C860DE896384B3EFF50504DC2D76AC7151DF3102A4450637A032146" />
    </Signer>
    <Signer ID="ID_SIGNER_S_E95" Name="Microsoft Code Signing PCA">
      <CertRoot Type="TBS" Value="27543A3F7612DE2261C7228321722402F63A07DE" />
    </Signer>
    <Signer ID="ID_SIGNER_S_E96" Name="Microsoft Code Signing PCA 2011">
      <CertRoot Type="TBS" Value="F6F717A43AD9ABDDC8CEFDDE1C505462535E7D1307E630F9544A2D14FE8BF26E" />
    </Signer>
    <Signer ID="ID_SIGNER_S_E97" Name="Microsoft Windows Production PCA 2011">
      <CertRoot Type="TBS" Value="4E80BE107C860DE896384B3EFF50504DC2D76AC7151DF3102A4450637A032146" />
    </Signer>
    <Signer ID="ID_SIGNER_S_E99" Name="Microsoft Code Signing PCA">
      <CertRoot Type="TBS" Value="27543A3F7612DE2261C7228321722402F63A07DE" />
    </Signer>
    <Signer ID="ID_SIGNER_S_E9A" Name="Microsoft Code Signing PCA 2011">
      <CertRoot Type="TBS" Value="F6F717A43AD9ABDDC8CEFDDE1C505462535E7D1307E630F9544A2D14FE8BF26E" />
    </Signer>
    <Signer ID="ID_SIGNER_S_F6F" Name="Microsoft Code Signing PCA 2010">
      <CertRoot Type="TBS" Value="121AF4B922A74247EA49DF50DE37609CC1451A1FE06B2CB7E1E079B492BD8195" />
    </Signer>
    <Signer ID="ID_SIGNER_S_F78" Name="Microsoft Code Signing PCA 2010">
      <CertRoot Type="TBS" Value="121AF4B922A74247EA49DF50DE37609CC1451A1FE06B2CB7E1E079B492BD8195" />
    </Signer>
    <Signer ID="ID_SIGNER_S_18DF" Name="Microsoft Code Signing PCA">
      <CertRoot Type="TBS" Value="5095BF071B0D9976E40AE08412F4E1D241AFB58C" />
    </Signer>
    <Signer ID="ID_SIGNER_S_2B2F" Name="Microsoft Code Signing PCA">
      <CertRoot Type="TBS" Value="7251ADC0F732CF409EE462E335BB99544F2DD40F" />
    </Signer>
    <Signer ID="ID_SIGNER_S_3144" Name="Microsoft Windows Phone Production PCA 2012">
      <CertRoot Type="TBS" Value="A26156E95BF1EE57E8A410470C08525CDA7862DECBAA2629CACD57DAA5D6D6AD" />
    </Signer>
    <Signer ID="ID_SIGNER_S_4E7A" Name="Microsoft Windows Third Party Component CA 2012">
      <CertRoot Type="TBS" Value="CEC1AFD0E310C55C1DCC601AB8E172917706AA32FB5EAF826813547FDF02DD46" />
    </Signer>
    <Signer ID="ID_SIGNER_S_4E7F" Name="Microsoft Windows Third Party Component CA 2012">
      <CertRoot Type="TBS" Value="CEC1AFD0E310C55C1DCC601AB8E172917706AA32FB5EAF826813547FDF02DD46" />
    </Signer>
    <Signer ID="ID_SIGNER_S_7EA5" Name="Microsoft Windows Third Party Component CA 2013">
      <CertRoot Type="TBS" Value="C55EE44C6DE86FA9AC3FC90F84EF0D4A6CAD5AAC6A112047C88B997E7547AED1" />
    </Signer>
    <Signer ID="ID_SIGNER_S_BB07" Name="Microsoft Windows Verification PCA">
      <CertRoot Type="TBS" Value="265E5C02BDC19AA5394C2C3041FC2BD59774F918" />
    </Signer>
    <Signer ID="ID_SIGNER_S_BB0B" Name="Microsoft Windows Verification PCA">
      <CertRoot Type="TBS" Value="265E5C02BDC19AA5394C2C3041FC2BD59774F918" />
    </Signer>
    <Signer ID="ID_SIGNER_S_DFCE" Name="Microsoft MarketPlace PCA 2011">
      <CertRoot Type="TBS" Value="FC9EDE3DCCA09186B2D3BF9B738A2050CB1A554DA2DCADB55F3F72EE17721378" />
    </Signer>
    <Signer ID="ID_SIGNER_S_25F6F" Name="Microsoft MarketPlace PCA 2011">
      <CertRoot Type="TBS" Value="FC9EDE3DCCA09186B2D3BF9B738A2050CB1A554DA2DCADB55F3F72EE17721378" />
    </Signer>
    <Signer ID="ID_SIGNER_S_273A8" Name="Microsoft Windows Phone Production PCA 2012">
      <CertRoot Type="TBS" Value="A26156E95BF1EE57E8A410470C08525CDA7862DECBAA2629CACD57DAA5D6D6AD" />
    </Signer>
    <Signer ID="ID_SIGNER_S_28E84" Name="Microsoft Code Signing PCA">
      <CertRoot Type="TBS" Value="5095BF071B0D9976E40AE08412F4E1D241AFB58C" />
    </Signer>
    <Signer ID="ID_SIGNER_S_1" Name="Microsoft Windows Third Party Component CA 2012">
      <CertRoot Type="TBS" Value="CEC1AFD0E310C55C1DCC601AB8E172917706AA32FB5EAF826813547FDF02DD46" />
      <CertEKU ID="ID_EKU_E_1" />
    </Signer>
    <Signer ID="ID_SIGNER_S_12B" Name="Microsoft Windows Third Party Component CA 2012">
      <CertRoot Type="TBS" Value="CEC1AFD0E310C55C1DCC601AB8E172917706AA32FB5EAF826813547FDF02DD46" />
      <CertEKU ID="ID_EKU_E_1" />
    </Signer>
    <Signer ID="ID_SIGNER_S_831" Name="Microsoft Windows Hardware Compatibility PCA">
      <CertRoot Type="TBS" Value="6B3242A9A639B0DA4D5882C7EEB402BE6615AD0C" />
      <CertEKU ID="ID_EKU_E_1" />
    </Signer>
    <Signer ID="ID_SIGNER_S_833" Name="Microsoft Windows Hardware Compatibility PCA">
      <CertRoot Type="TBS" Value="6B3242A9A639B0DA4D5882C7EEB402BE6615AD0C" />
      <CertEKU ID="ID_EKU_E_1" />
    </Signer>
  </Signers>
  <!--Driver Signing Scenarios-->
  <SigningScenarios>
    <SigningScenario Value="131" ID="ID_SIGNINGSCENARIO_DRIVERS_1" FriendlyName="Auto generated policy on 08-26-2016">
      <ProductSigners>
        <AllowedSigners>
          <AllowedSigner SignerId="ID_SIGNER_S_E95" />
          <AllowedSigner SignerId="ID_SIGNER_S_E96" />
          <AllowedSigner SignerId="ID_SIGNER_S_E97" />
          <AllowedSigner SignerId="ID_SIGNER_S_F6F" />
          <AllowedSigner SignerId="ID_SIGNER_S_4E7A" />
          <AllowedSigner SignerId="ID_SIGNER_S_BB07" />
          <AllowedSigner SignerId="ID_SIGNER_S_25F6F" />
          <AllowedSigner SignerId="ID_SIGNER_S_273A8" />
          <AllowedSigner SignerId="ID_SIGNER_S_28E84" />
          <AllowedSigner SignerId="ID_SIGNER_S_12B" />
          <AllowedSigner SignerId="ID_SIGNER_S_831" />
        </AllowedSigners>
      </ProductSigners>
    </SigningScenario>
    <SigningScenario Value="12" ID="ID_SIGNINGSCENARIO_WINDOWS" FriendlyName="Auto generated policy on 08-26-2016">
      <ProductSigners>
        <AllowedSigners>
          <AllowedSigner SignerId="ID_SIGNER_S_E78" />
          <AllowedSigner SignerId="ID_SIGNER_S_E99" />
          <AllowedSigner SignerId="ID_SIGNER_S_E9A" />
          <AllowedSigner SignerId="ID_SIGNER_S_F78" />
          <AllowedSigner SignerId="ID_SIGNER_S_18DF" />
          <AllowedSigner SignerId="ID_SIGNER_S_2B2F" />
          <AllowedSigner SignerId="ID_SIGNER_S_3144" />
          <AllowedSigner SignerId="ID_SIGNER_S_4E7F" />
          <AllowedSigner SignerId="ID_SIGNER_S_7EA5" />
          <AllowedSigner SignerId="ID_SIGNER_S_BB0B" />
          <AllowedSigner SignerId="ID_SIGNER_S_DFCE" />
          <AllowedSigner SignerId="ID_SIGNER_S_1" />
          <AllowedSigner SignerId="ID_SIGNER_S_833" />
        </AllowedSigners>
      </ProductSigners>
    </SigningScenario>
  </SigningScenarios>
  <UpdatePolicySigners />
  <CiSigners>
    <CiSigner SignerId="ID_SIGNER_S_E78" />
    <CiSigner SignerId="ID_SIGNER_S_E99" />
    <CiSigner SignerId="ID_SIGNER_S_E9A" />
    <CiSigner SignerId="ID_SIGNER_S_F78" />
    <CiSigner SignerId="ID_SIGNER_S_18DF" />
    <CiSigner SignerId="ID_SIGNER_S_2B2F" />
    <CiSigner SignerId="ID_SIGNER_S_3144" />
    <CiSigner SignerId="ID_SIGNER_S_4E7F" />
    <CiSigner SignerId="ID_SIGNER_S_7EA5" />
    <CiSigner SignerId="ID_SIGNER_S_BB0B" />
    <CiSigner SignerId="ID_SIGNER_S_DFCE" />
    <CiSigner SignerId="ID_SIGNER_S_1" />
    <CiSigner SignerId="ID_SIGNER_S_833" />
  </CiSigners>
  <HvciOptions>0</HvciOptions>
  <Settings>
    <Setting Provider="PolicyInfo" Key="Information" ValueName="Name">
      <Value>
        <String>DGReadyWindowsOnlyPolicyEnforced</String>
      </Value>
    </Setting>
    <Setting Provider="PolicyInfo" Key="Information" ValueName="Id">
      <Value>
        <String>001</String>
      </Value>
    </Setting>
  </Settings>
</SiPolicy>